{
	"partitions" : [
		{
			"name" : "Top",
			"pins" : [
				{
					"name" : "result[0]",
					"strict" : false
				},
				{
					"name" : "result[1]",
					"strict" : false
				},
				{
					"name" : "result[2]",
					"strict" : false
				},
				{
					"name" : "result[3]",
					"strict" : false
				},
				{
					"name" : "result[4]",
					"strict" : false
				},
				{
					"name" : "result[5]",
					"strict" : false
				},
				{
					"name" : "result[6]",
					"strict" : false
				},
				{
					"name" : "result[7]",
					"strict" : false
				},
				{
					"name" : "result[8]",
					"strict" : false
				},
				{
					"name" : "result[9]",
					"strict" : false
				},
				{
					"name" : "result[10]",
					"strict" : false
				},
				{
					"name" : "result[11]",
					"strict" : false
				},
				{
					"name" : "result[12]",
					"strict" : false
				},
				{
					"name" : "result[13]",
					"strict" : false
				},
				{
					"name" : "result[14]",
					"strict" : false
				},
				{
					"name" : "result[15]",
					"strict" : false
				},
				{
					"name" : "result[16]",
					"strict" : false
				},
				{
					"name" : "result[17]",
					"strict" : false
				},
				{
					"name" : "result[18]",
					"strict" : false
				},
				{
					"name" : "result[19]",
					"strict" : false
				},
				{
					"name" : "result[20]",
					"strict" : false
				},
				{
					"name" : "result[21]",
					"strict" : false
				},
				{
					"name" : "result[22]",
					"strict" : false
				},
				{
					"name" : "result[23]",
					"strict" : false
				},
				{
					"name" : "result[24]",
					"strict" : false
				},
				{
					"name" : "result[25]",
					"strict" : false
				},
				{
					"name" : "result[26]",
					"strict" : false
				},
				{
					"name" : "result[27]",
					"strict" : false
				},
				{
					"name" : "result[28]",
					"strict" : false
				},
				{
					"name" : "result[29]",
					"strict" : false
				},
				{
					"name" : "result[30]",
					"strict" : false
				},
				{
					"name" : "result[31]",
					"strict" : false
				},
				{
					"name" : "ready",
					"strict" : false
				},
				{
					"name" : "clk",
					"strict" : false
				},
				{
					"name" : "number1[22]",
					"strict" : false
				},
				{
					"name" : "number2[22]",
					"strict" : false
				},
				{
					"name" : "number1[21]",
					"strict" : false
				},
				{
					"name" : "number2[21]",
					"strict" : false
				},
				{
					"name" : "number1[20]",
					"strict" : false
				},
				{
					"name" : "number2[20]",
					"strict" : false
				},
				{
					"name" : "number1[19]",
					"strict" : false
				},
				{
					"name" : "number2[19]",
					"strict" : false
				},
				{
					"name" : "number1[18]",
					"strict" : false
				},
				{
					"name" : "number2[18]",
					"strict" : false
				},
				{
					"name" : "number1[17]",
					"strict" : false
				},
				{
					"name" : "number2[17]",
					"strict" : false
				},
				{
					"name" : "number1[16]",
					"strict" : false
				},
				{
					"name" : "number2[16]",
					"strict" : false
				},
				{
					"name" : "number1[15]",
					"strict" : false
				},
				{
					"name" : "number2[15]",
					"strict" : false
				},
				{
					"name" : "number1[14]",
					"strict" : false
				},
				{
					"name" : "number2[14]",
					"strict" : false
				},
				{
					"name" : "number1[13]",
					"strict" : false
				},
				{
					"name" : "number2[13]",
					"strict" : false
				},
				{
					"name" : "number1[12]",
					"strict" : false
				},
				{
					"name" : "number2[12]",
					"strict" : false
				},
				{
					"name" : "number1[11]",
					"strict" : false
				},
				{
					"name" : "number2[11]",
					"strict" : false
				},
				{
					"name" : "number1[10]",
					"strict" : false
				},
				{
					"name" : "number2[10]",
					"strict" : false
				},
				{
					"name" : "number1[9]",
					"strict" : false
				},
				{
					"name" : "number2[9]",
					"strict" : false
				},
				{
					"name" : "number1[8]",
					"strict" : false
				},
				{
					"name" : "number2[8]",
					"strict" : false
				},
				{
					"name" : "number1[7]",
					"strict" : false
				},
				{
					"name" : "number2[7]",
					"strict" : false
				},
				{
					"name" : "number1[6]",
					"strict" : false
				},
				{
					"name" : "number2[6]",
					"strict" : false
				},
				{
					"name" : "number1[5]",
					"strict" : false
				},
				{
					"name" : "number2[5]",
					"strict" : false
				},
				{
					"name" : "number1[4]",
					"strict" : false
				},
				{
					"name" : "number2[4]",
					"strict" : false
				},
				{
					"name" : "number1[3]",
					"strict" : false
				},
				{
					"name" : "number2[3]",
					"strict" : false
				},
				{
					"name" : "number1[2]",
					"strict" : false
				},
				{
					"name" : "number2[2]",
					"strict" : false
				},
				{
					"name" : "number1[1]",
					"strict" : false
				},
				{
					"name" : "number2[1]",
					"strict" : false
				},
				{
					"name" : "number1[0]",
					"strict" : false
				},
				{
					"name" : "number2[0]",
					"strict" : false
				},
				{
					"name" : "number1[30]",
					"strict" : false
				},
				{
					"name" : "number2[30]",
					"strict" : false
				},
				{
					"name" : "number1[29]",
					"strict" : false
				},
				{
					"name" : "number2[29]",
					"strict" : false
				},
				{
					"name" : "number1[28]",
					"strict" : false
				},
				{
					"name" : "number2[28]",
					"strict" : false
				},
				{
					"name" : "number1[27]",
					"strict" : false
				},
				{
					"name" : "number2[27]",
					"strict" : false
				},
				{
					"name" : "number1[26]",
					"strict" : false
				},
				{
					"name" : "number2[26]",
					"strict" : false
				},
				{
					"name" : "number1[25]",
					"strict" : false
				},
				{
					"name" : "number2[25]",
					"strict" : false
				},
				{
					"name" : "number1[24]",
					"strict" : false
				},
				{
					"name" : "number2[24]",
					"strict" : false
				},
				{
					"name" : "number1[23]",
					"strict" : false
				},
				{
					"name" : "number2[23]",
					"strict" : false
				},
				{
					"name" : "number1[31]",
					"strict" : false
				},
				{
					"name" : "number2[31]",
					"strict" : false
				},
				{
					"name" : "add",
					"strict" : false
				}
			]
		}
	]
}